{
  "id": "1038733",
  "name": "hexo-theme-nexmoe",
  "font_family": "nexmoefont",
  "css_prefix_text": "icon-",
  "description": "",
  "glyphs": [
    {
      "icon_id": "929736",
      "name": "rss",
      "font_class": "rss",
      "unicode": "e7ea",
      "unicode_decimal": 59370
    },
    {
      "icon_id": "1899043",
      "name": "steam",
      "font_class": "steam",
      "unicode": "e722",
      "unicode_decimal": 59170
    },
    {
      "icon_id": "3743130",
      "name": "battlenet",
      "font_class": "battlenet",
      "unicode": "e604",
      "unicode_decimal": 58884
    },
    {
      "icon_id": "3780842",
      "name": "youtube",
      "font_class": "youtube",
      "unicode": "e733",
      "unicode_decimal": 59187
    },
    {
      "icon_id": "4765727",
      "name": "info-circle",
      "font_class": "info-circle",
      "unicode": "e77e",
      "unicode_decimal": 59262
    },
    {
      "icon_id": "4766297",
      "name": "area chart",
      "font_class": "areachart",
      "unicode": "e7af",
      "unicode_decimal": 59311
    },
    {
      "icon_id": "4766438",
      "name": "container",
      "font_class": "container",
      "unicode": "e7b0",
      "unicode_decimal": 59312
    },
    {
      "icon_id": "4766685",
      "name": "home",
      "font_class": "home",
      "unicode": "e7c6",
      "unicode_decimal": 59334
    },
    {
      "icon_id": "4767011",
      "name": "right",
      "font_class": "right",
      "unicode": "e7eb",
      "unicode_decimal": 59371
    },
    {
      "icon_id": "4767012",
      "name": "left",
      "font_class": "left",
      "unicode": "e7ec",
      "unicode_decimal": 59372
    },
    {
      "icon_id": "4767059",
      "name": "menu",
      "font_class": "menu",
      "unicode": "e7f5",
      "unicode_decimal": 59381
    },
    {
      "icon_id": "4767060",
      "name": "unordered list",
      "font_class": "unorderedlist",
      "unicode": "e7f4",
      "unicode_decimal": 59380
    },
    {
      "icon_id": "4767094",
      "name": "ellipsis",
      "font_class": "ellipsis",
      "unicode": "e7fc",
      "unicode_decimal": 59388
    },
    {
      "icon_id": "4904445",
      "name": "telegram",
      "font_class": "telegram",
      "unicode": "e646",
      "unicode_decimal": 58950
    },
    {
      "icon_id": "4936512",
      "name": "time-circle-fill",
      "font_class": "time-circle-fill",
      "unicode": "e848",
      "unicode_decimal": 59464
    },
    {
      "icon_id": "4936544",
      "name": "calendar-fill",
      "font_class": "calendar-fill",
      "unicode": "e84d",
      "unicode_decimal": 59469
    },
    {
      "icon_id": "4936584",
      "name": "app store-fill",
      "font_class": "appstore-fill",
      "unicode": "e853",
      "unicode_decimal": 59475
    },
    {
      "icon_id": "4936668",
      "name": "eye-fill",
      "font_class": "eye-fill",
      "unicode": "e869",
      "unicode_decimal": 59497
    },
    {
      "icon_id": "4936683",
      "name": "tag-fill",
      "font_class": "tag-fill",
      "unicode": "e86e",
      "unicode_decimal": 59502
    },
    {
      "icon_id": "4936685",
      "name": "tags-fill",
      "font_class": "tags-fill",
      "unicode": "e86f",
      "unicode_decimal": 59503
    },
    {
      "icon_id": "4936690",
      "name": "mail-fill",
      "font_class": "mail-fill",
      "unicode": "e870",
      "unicode_decimal": 59504
    },
    {
      "icon_id": "4936957",
      "name": "zhihu",
      "font_class": "zhihu",
      "unicode": "e87c",
      "unicode_decimal": 59516
    },
    {
      "icon_id": "4936984",
      "name": "QQ",
      "font_class": "QQ",
      "unicode": "e882",
      "unicode_decimal": 59522
    },
    {
      "icon_id": "4936987",
      "name": "weibo",
      "font_class": "weibo",
      "unicode": "e883",
      "unicode_decimal": 59523
    },
    {
      "icon_id": "4936991",
      "name": "wechat-fill",
      "font_class": "wechat-fill",
      "unicode": "e884",
      "unicode_decimal": 59524
    },
    {
      "icon_id": "5004906",
      "name": "Github",
      "font_class": "github",
      "unicode": "e60b",
      "unicode_decimal": 58891
    },
    {
      "icon_id": "6742514",
      "name": "dribbble",
      "font_class": "dribbble",
      "unicode": "eaab",
      "unicode_decimal": 60075
    },
    {
      "icon_id": "6845552",
      "name": "twitter",
      "font_class": "twitter",
      "unicode": "e617",
      "unicode_decimal": 58903
    },
    {
      "icon_id": "6978316",
      "name": "bilibili_tv",
      "font_class": "bilibili",
      "unicode": "e60f",
      "unicode_decimal": 58895
    }
  ]
}
